,0
0,Alabama
1,Arizona
2,Arkansas
3,California
4,Colorado
5,Connecticut
6,Delaware
7,Florida
8,Georgia
9,Hawaii
10,Idaho
11,Illinois
12,Indiana
13,Iowa
14,Kansas
15,Kentucky
16,Louisiana
17,Maine
18,Massachusetts
19,Michigan
20,Minnesota
21,Mississippi
22,Missouri
23,Montana
24,Nebraska
25,Nevada
26,New Hampshire
27,North Carolina
28,North Dakota
29,Oklahoma
30,Oregon
31,Pennsylvania
32,Rhode Island
33,South Carolina
34,South Dakota
35,Tennessee
36,Utah
37,Vermont
38,Virginia
39,Washington
40,West Virginia
41,Wisconsin
42,Wyoming
